,F1,AUC,Case Acc,Ctrl Acc
0,0.9098146877144819,0.94,1.0,0.88
1,0.9684740334019675,0.9791666666666667,1.0,0.958
2,0.7751861042183623,0.6220238095238094,0.286,0.958
3,0.7907766415288032,0.8035714285714285,0.857,0.75
4,0.8928756253234431,0.7857142857142857,0.571,1.0
