,F1,AUC,Case Acc,Ctrl Acc
0,0.8709677419354839,0.7933333333333332,0.667,0.92
1,0.876227208976157,0.8660714285714286,0.857,0.875
2,0.9054221002059026,0.8869047619047619,0.857,0.917
3,0.9004912138552692,0.8363095238095238,0.714,0.958
4,0.9381136044880786,0.9583333333333333,1.0,0.917
